-- phpMyAdmin SQL Dump
-- version 5.2.1
-- https://www.phpmyadmin.net/
--
-- Hôte : localhost:3306
-- Généré le : dim. 29 sep. 2024 à 10:07
-- Version du serveur : 5.7.33
-- Version de PHP : 7.4.19

SET SQL_MODE = "NO_AUTO_VALUE_ON_ZERO";
START TRANSACTION;
SET time_zone = "+00:00";


/*!40101 SET @OLD_CHARACTER_SET_CLIENT=@@CHARACTER_SET_CLIENT */;
/*!40101 SET @OLD_CHARACTER_SET_RESULTS=@@CHARACTER_SET_RESULTS */;
/*!40101 SET @OLD_COLLATION_CONNECTION=@@COLLATION_CONNECTION */;
/*!40101 SET NAMES utf8mb4 */;

--
-- Base de données : `backgrounds`
--

-- --------------------------------------------------------

--
-- Structure de la table `backgrounds`
--

CREATE TABLE `backgrounds` (
  `id_bg` int(10) UNSIGNED NOT NULL,
  `file` varchar(16) NOT NULL,
  `name` varchar(128) DEFAULT NULL,
  `comment` text
) ENGINE=InnoDB DEFAULT CHARSET=utf8;

--
-- Déchargement des données de la table `backgrounds`
--

INSERT INTO `backgrounds` (`id_bg`, `file`, `name`, `comment`) VALUES
(1, '_aqws6321.jpg', 'Horizon vertical', 'Un fond d’écran qui respire la sérénité, parfait pour moi !'),
(2, '_aqzq6587.jpg', 'Gué', 'Superbe !!! Les détails sont incroyables, je suis impressionné !'),
(3, '_ezaz3587.jpg', 'Ville sommeille', 'Ça donne envie de s’évader, j’adore l’atmosphère !'),
(4, '_azes3536.jpg', 'Envol', 'C\'est le bonheur à l\'état pur.'),
(5, '_bhgh1236.jpg', 'Zénith', 'Extraordinaire ! C’est exactement le type de beauté que j\'aime !'),
(6, '_bvbh5698.jpg', 'Bibliothèque', 'Magnifique... Une belle harmonie de couleurs, quel régal pour les yeux !'),
(7, '_bvgb9698.jpg', 'Chat baie', 'Magnifique !!! Chaque regard sur cette image me rend heureux !'),
(8, '_cfvb8475.jpg', 'Petit ramoneur', 'Incroyable. Chaque regard sur cette image me rend heureux !'),
(9, '_cvfc6895.jpg', 'Montagne blanche', 'Fantastique !!! Un fond d’écran qui respire la sérénité, parfait pour moi !'),
(10, '_cxcv5215.jpg', 'Arbre foudre', 'Tellement apaisante, je pourrais la regarder des heures !'),
(11, '_dfvc3635.jpg', 'Dragon blanc', 'C\'est fou ! C\'est un vrai chef-d\'œuvre, j\'adore le contraste !'),
(12, '_dser8753.jpg', 'Repos du dragon', 'Ah mince. C’est tout simplement génial !'),
(13, '_dxcd3212.jpg', 'Portail', 'Trop beau !'),
(14, '_edfd2478.jpg', 'Ruisseau', 'Cette image fait briller mon téléphone, quelle beauté !'),
(15, '_edft4141.jpg', 'Balançoire', 'Chaque regard sur cette image me rend heureux !'),
(16, '_edse4126.jpg', 'Nénuphars', 'Une image qui raconte une histoire, j’adore !'),
(17, '_erdr6363.jpg', 'Arbre tordu', 'Je me sens comblé.'),
(18, '_erer6963.jpg', 'Paladine', 'Incroyable. Tellement rêveur, j’adore me perdre dans cette image !'),
(19, '_erer8632.jpg', 'Façade fleurie', 'Les détails de cette image sont époustouflants !'),
(20, '_erfv6321.jpg', 'Soleil de printemps', 'Fantastique !! Un vrai régal pour les sens.'),
(21, '_ertr9598.jpg', 'Esprit dragon', 'Je suis en admiration !'),
(22, '_fdfr8658.jpg', 'Sombre bois', 'Un souffle de nature sur mon écran, parfait !'),
(23, '_fdsd8698.jpg', 'Londres nuit', 'Un vrai bonheur visuel, je suis sous le charme !'),
(24, '_fres2153.jpg', NULL, 'C\'est un vrai chef-d\'œuvre, j\'adore le contraste !'),
(25, '_gbnh1251.jpg', 'Ronflex', 'Cette image est tellement apaisante, j’adore les couleurs !'),
(26, '_gbvc8959.jpg', 'Nuages oranges', 'Extraordinaire !!! C’est exactement le type de beauté que j\'aime !'),
(27, '_ghbv5356.jpg', 'Chateau rivière', 'C\'est dingue... Tellement inspirante, j’en veux plus !'),
(28, '_gygy8423.jpg', 'Vague tumulte', 'Un bonheur fou.'),
(29, '_gyhg8636.jpg', 'Totoro étang', 'Cette photo est tellement inspirante, j’adore !'),
(30, '_hjhy3212.jpg', 'Chat parapluie', 'Vraiment !! Cette image est tellement apaisante, j’adore les couleurs !'),
(31, '_huji3632.jpg', 'Phare aurore boréale', 'Tu es incroyable !'),
(32, '_hygy7847.jpg', 'Jardin potager', 'Purée ! C’est tout simplement génial !'),
(33, '_hyhy2426.jpg', 'Arbre bibliothèque', 'Waw. L\'atmosphère est tellement douce et réconfortante !'),
(34, '_ijhb9848.jpg', 'Chalet', 'Tellement apaisante, je pourrais la regarder des heures !'),
(35, '_ijik3525.jpg', 'Archipel', 'Cette image m’évoque tant de souvenirs heureux !'),
(36, '_iklk3512.jpg', 'Vol de dragons', 'Il y a quelque chose de magique dans cette image, wow !'),
(37, '_iklm8685.jpg', 'Village neige', 'Chaque détail a son importance, vraiment magnifique !'),
(38, '_ikok3578.jpg', 'Lune et œillets', 'Tellement apaisante, je pourrais la regarder des heures !'),
(39, '_ioij5898.jpg', 'Dernier arbre', 'Cette image me transporte ailleurs, j’adore !'),
(40, '_iuhn7486.jpg', 'Vague numérique', 'J’adore ce que tu fais !'),
(41, '_jijn2689.jpg', 'Envol du dragon', 'C’est exactement le genre de fond d’écran que je cherchais, magnifique !'),
(42, '_jiuy5851.jpg', 'Dernier café', 'Quel regard !'),
(43, '_jklo7585.jpg', 'Écume', 'Chaque détail a son importance, vraiment magnifique !'),
(44, '_jnhj3512.jpg', 'Coucher de soleil', 'Incroyable ! Un vrai bonheur visuel, je suis sous le charme !'),
(45, '_jujn2695.jpg', 'Koïs', 'Cette image a une belle énergie, ça me booste !'),
(46, '_juyt3542.jpg', 'Paysage nordique', 'Tellement rêveur, j’adore me perdre dans cette image !'),
(47, '_kiol8595.jpg', 'Renard', 'Je suis aux anges.'),
(48, '_klpo5862.jpg', 'Sentier neige', 'C’est une vraie source d’inspiration, j’en veux plus !'),
(49, '_lkio1475.jpg', 'Chien piscine', 'Un chien. Toujours des chiens ! À quand un fond d\'écran avec des chats ??'),
(50, '_lkji1565.jpg', 'Vent solaire', 'Mon dieu ! Chaque regard sur cette image me rappelle la beauté du monde !'),
(51, '_lkjk1474.jpg', 'Avant l\'orage', 'Un fond d’écran qui donne le sourire, c’est parfait !'),
(52, '_lpok7532.jpg', 'Sommet pourpre', 'C\'est fou ! Cette image est pleine de charme, j’adore !'),
(53, '_lpop7424.jpg', 'Bibliothèque automne', 'Une image qui respire le bonheur, j’adore !'),
(54, '_mlmp9587.jpg', 'Vagues et soleil', 'Vraiment ! Tellement paisible, ça me détend juste de le regarder.'),
(55, '_mloi1212.jpg', 'Petite colline', 'Superbe !!! La nature à son meilleur, quel régal !'),
(56, '_mpmp1245.jpg', 'Quais', 'Ça me touche profondément !'),
(57, '_mpmp8636.jpg', 'Chat toits', 'Époustouflant. Les ombres et lumières sont parfaites, quel talent !'),
(58, '_mpoi3635.jpg', 'Système solaire', 'Un vrai bonheur visuel, je suis sous le charme !'),
(59, '_nbhb3698.jpg', 'Muguet', 'Cette vue est à couper le souffle, un vrai bonheur !'),
(60, '_nhnj7485.jpg', 'Chat nénuphars', 'Une image qui raconte une histoire, j’adore !'),
(61, '_njko4269.jpg', 'Champ vent', 'Chaque détail a son importance, vraiment magnifique !'),
(62, '_oioi4748.jpg', 'Papillons lucioles', 'Cette photo est tellement inspirante, j’adore !'),
(63, '_oiok7484.jpg', 'Laminaires', 'Ah mince ! Un vrai coup de cœur, je vais le mettre tout de suite !'),
(64, '_okio1459.jpg', 'Palais coupoles', 'Ah mince. Ce fond d’écran me fait oublier le stress, génial !'),
(65, '_okio2157.jpg', 'Librairie', 'Trop bien ! C’est exceptionnel !'),
(66, '_okjn9698.jpg', 'Lagune', 'Époustouflant !! La nature à son meilleur, quel régal !'),
(67, '_okoi7536.jpg', 'Totoro sentier', 'Oufti ! Trop beau !'),
(68, '_olki6848.jpg', 'Feu de camp', 'Un fond d’écran qui donne le sourire, c’est parfait !'),
(69, '_oplm7423.jpg', 'Banc', 'C’est juste parfait !'),
(70, '_oplm8587.jpg', 'Paysage Lune', 'C’est exactement le genre de fond d’écran que je cherchais, magnifique !'),
(71, '_oplp7896.jpg', 'Falaise', 'Waouh !! Cette image est tellement apaisante, j’adore les couleurs !'),
(72, '_oplp9898.jpg', 'Totoro sieste', 'Ça me touche profondément !'),
(73, '_opml1545.jpg', 'Pile de chats', 'Vraiment... Ce fond d’écran me fait oublier le stress, génial !'),
(74, '_plml7478.jpg', 'Façade', 'Ouah. Les couleurs sont si vibrantes, je ne peux pas m’en passer !'),
(75, '_plok5247.jpg', 'Sentier automne', 'Waaaw ! Wow, ça donne envie de partir en voyage !'),
(76, '_pmpm5141.jpg', 'Gare ailleurs', 'Cette image a une belle énergie, ça me booste !'),
(77, '_pmpm6365.jpg', 'Chats invasion', 'Parfait. Il y a quelque chose de magique dans cette image, wow !'),
(78, '_pmpo9514.jpg', 'Chat pluie', 'Les teintes pastel sont tellement apaisantes, merci !'),
(79, '_popl1562.jpg', 'Chat soleil rouge', 'C\'est dingue !!! Une pure beauté !'),
(80, '_qaqw5987.jpg', 'Chat lemon', 'Un vrai régal pour les sens.'),
(81, '_qaze1532.jpg', 'Sentier escalier', 'Quelle beauté !'),
(82, '_qwxw7862.jpg', 'Cour en soirée', 'Chaque fois que je la vois, je me sens zen !'),
(83, '_qzaq9636.jpg', 'Chat lampion', 'Un fond d’écran qui illumine ma journée, quel bonheur !'),
(84, '_qzaz8514.jpg', 'Chat feuilles', 'Tellement magnifique, je ne me lasse pas de la regarder !'),
(85, '_qzaz8741.jpg', 'Canal', 'Bien ! C’est une vraie œuvre d’art, tellement belle !'),
(86, '_rdxc5242.jpg', 'Noctali', 'Un véritable chef-d\'œuvre !'),
(87, '_rtfd9652.jpg', 'Façade commerces', 'Tellement magnifique, je ne me lasse pas de la regarder !'),
(88, '_rtrf7485.jpg', 'Chat hypnotique', 'Superbe. Les ombres et lumières sont parfaites, quel talent !'),
(89, '_rtrt3251.jpg', 'Crépuscule', 'Un moment en or.'),
(90, '_rtyu1212.jpg', 'Tapis de chats', 'Un vrai régal pour les yeux, merci de partager !'),
(91, '_swxd8632.jpg', 'Petit Prince', 'Ça me fait penser à un tableau, j’adore l’art !'),
(92, '_tfde7868.jpg', 'Bataille', 'Ça me touche profondément !'),
(93, '_tfdf2354.jpg', 'Montagne', 'Une œuvre d’art à admirer tous les jours, merci !'),
(94, '_tgyg3541.jpg', ' Lampions', 'Ce paysage me fait rêver, j’aimerais y être maintenant !'),
(95, '_trfg9532.jpg', 'Porte donjon', 'Cette photo est un véritable poème visuel !'),
(96, '_tygy5986.jpg', 'Chat nuit', 'C’est un petit bonheur quotidien, merci pour ce partage !'),
(97, '_tyuj4853.jpg', 'Village côtier', 'Oh my. C’est du grand art !'),
(98, '_uhbv5151.jpg', 'Grosse vague', 'Oh là là !! Chaque fois que je la vois, je me sens zen !'),
(99, '_uhuh4148.jpg', 'Chat étang', 'Mon dieu. C’est une vraie œuvre d’art, tellement belle !'),
(100, '_uygy2568.jpg', 'Totoro pluie', 'Époustouflant... Les détails sont incroyables, je suis impressionné !'),
(101, '_uyuy3623.jpg', 'Escalier neige', 'Une telle image peut vraiment égayer ma journée !'),
(102, '_vbgf5142.jpg', 'Navire', 'Magnifique ! Magnifique travail !'),
(103, '_vbhj6532.jpg', 'Portail', 'Purée ! Un fond d’écran qui illumine ma journée, quel bonheur !'),
(104, '_vbvb6842.jpg', 'Donjon', 'Waouh... Une touche de nature sur mon téléphone, parfait !'),
(105, '_vfdc1587.jpg', 'Dracaufeu', 'Les détails de cette image sont époustouflants !'),
(106, '_vfvc1541.jpg', 'Champignons méduses', 'Ça me touche profondément !'),
(107, '_wqsw9684.jpg', 'Petite bibliothèque', 'Ah bon... C’est du grand art !'),
(108, '_wqwq4741.jpg', 'Chat sieste', 'Tellement frais !'),
(109, '_wqzq4151.jpg', 'Chambre espace', 'Les détails sont si raffinés, quel bel art !'),
(110, '_wsdc1269.jpg', 'Chat nuage', 'Ce fond d’écran me rappelle mes vacances, que de bons souvenirs !'),
(111, '_wsdr8512.jpg', 'Immeuble', 'Cette photo est tellement inspirante, j’adore !'),
(112, '_wsqa9651.jpg', 'Volutes', 'Je suis dans l\'euphorie.'),
(113, '_wsxc5121.jpg', 'Ville dans les nuages', 'C’est impressionnant !'),
(114, '_xwxd6324.jpg', 'Café du lundi', 'Fantastique !! Tellement inspirante, j’en veux plus !'),
(115, '_ygvb7478.jpg', 'Presque Noël', 'Superbe... C’est une vraie œuvre d’art, tellement belle !'),
(116, '_yhuh2658.jpg', 'Vapeur dragon', 'Une joie sans pareil.'),
(117, '_yujn9542.jpg', 'Lune rouge', 'Trop bien !!! Cette image a une belle énergie, ça me booste !'),
(118, '_zaze5626.jpg', 'Chocolat chaud', 'C’est impressionnant !'),
(119, '_zesd2523.jpg', 'Chateau pic', 'Une image qui respire le bonheur, j’adore !'),
(120, '_zesq2484.jpg', 'Libellule', 'Vraiment. Tellement rêveur, j’adore me perdre dans cette image !'),
(121, '_zqze6362.jpg', 'Gandalf', 'Cette image est pleine de charme, j’adore !'),
(122, 'ijhn8784.jpg', 'Hibou', 'Un souffle de nature sur mon écran, parfait !'),
(123, 'erdx1269.jpg', 'Campagne', 'Un bonheur fou.'),
(124, 'gbnb8742.jpg', 'Espace', 'Le mélange des couleurs est si harmonieux, j’adore !'),
(125, 'qaze5159.jpg', 'Motard en vadrouille', 'Un vrai coup de cœur, je vais le mettre tout de suite !'),
(126, 'okjn2415.jpg', 'Chat et roses', 'Les couleurs sont si vibrantes, je ne peux pas m’en passer !'),
(127, 'loij3263.jpg', 'Sentier vers nulle part', 'Une belle harmonie de couleurs, quel régal pour les yeux !'),
(128, 'pmpo6212.jpg', 'Texture géométrique', 'L\'atmosphère est tellement douce et réconfortante !'),
(129, 'dedc9847.jpg', 'Anniversaire de fantômes', 'Cette photo est un véritable poème visuel !'),
(130, 'cxse9696.jpg', 'Pile livres', 'Oufti ! Ça donne envie de s’évader, j’adore l’atmosphère !'),
(131, 'dfvc1212.jpg', 'Argonath', 'Une image qui éveille l’imagination, magnifique !'),
(132, 'vbvf5686.jpg', 'Chadzilla', 'Un fond d’écran qui respire la sérénité, parfait pour moi !'),
(133, 'dfgf3598.jpg', 'Salle donjon', 'Wow, ça donne envie de partir en voyage !'),
(134, 'njhg1254.jpg', 'Village montagne', 'Oh my... Cette image fait vraiment ressortir ma créativité.'),
(135, 'opmp6521.jpg', 'Route rêves', 'Un vrai régal pour les sens.'),
(136, 'azqs2152.jpg', 'Hydravion', 'Cette image me transporte ailleurs, j’adore !'),
(137, 'bnhy7521.jpg', 'Colibri', 'Une belle harmonie de couleurs, quel régal pour les yeux !'),
(138, 'sezq9658.jpg', 'Seul en forêt', 'C\'est la cerise sur le gâteau.'),
(139, 'yuij2458.jpg', 'Ribouldingue', 'C’est une vraie œuvre d’art, tellement belle !'),
(140, 'kjik6247.jpg', 'Village enfants', 'Un vrai régal pour les sens.'),
(141, 'resq7574.jpg', 'Motif fleurs', 'Trop bien ! Quelle trouvaille !'),
(142, 'cvbh7474.jpg', 'Rafiot rouge', 'C’est exactement le type de beauté que j\'aime !'),
(143, 'qwqw6323.jpg', 'Dans la cité', 'Les couleurs sont si vibrantes, je ne peux pas m’en passer !'),
(144, 'plki1475.jpg', 'Chemin prometteur', 'Une touche de nature sur mon téléphone, parfait !'),
(145, 'sqwq6957.jpg', 'Crocodiles jungle', 'Un fond d’écran qui illumine ma journée, quel bonheur !'),
(146, 'yhbv5626.jpg', 'Psykokwaks', 'Un décor parfait pour m’inspirer au quotidien !'),
(147, 'kikl5245.jpg', 'Nous', 'Stupéfiant ! Cette photo m’accompagne partout, c’est un bonheur !'),
(148, 'qsqw2321.jpg', 'Kraken', 'Une pure beauté !'),
(149, 'cfgy9575.jpg', 'Paysage pasible', 'La nature à son meilleur, quel régal !'),
(150, 'oplk1565.jpg', 'Coucher de soleil', 'Ça me fait penser à un tableau, j’adore l’art !'),
(151, 'resz7875.jpg', 'Basket Ball', 'Cette vue est à couper le souffle, un vrai bonheur !'),
(152, 'juyt5458.jpg', 'Galets', 'Ça donne envie de s’évader, j’adore l’atmosphère !'),
(153, 'wxdc8687.jpg', 'Plage chats', 'Quelle trouvaille !'),
(154, 'uiko1542.jpg', 'Plan', 'J’adore ce que tu fais !'),
(155, 'bvgv1215.jpg', 'Encres', 'Magnifique... Un éclat de joie.'),
(156, 'vfvg9695.jpg', 'Phare', 'Il y a quelque chose de magique dans cette image, wow !'),
(157, 'swqa2524.jpg', 'Orangeade', 'C’est juste parfait !'),
(158, 'drty9689.jpg', 'Navire mirage', 'Formidable... Une image pleine de douceur, j’adore !'),
(159, 'fgyt5959.jpg', 'Grappes de fleurs', 'Ah bon ! Un souffle de nature sur mon écran, parfait !'),
(160, 'jhbh3689.jpg', 'Texture animale', 'C\'est fou... C’est impressionnant !'),
(161, 'hujk8421.jpg', 'Phare éblouissant', 'C’est une invitation à la contemplation, merci !'),
(162, 'jhyh3685.jpg', 'Chateau sommet', 'Un souffle de nature sur mon écran, parfait !'),
(163, 'dxcf5789.jpg', 'Plage galets', 'Trop bien !!! Les teintes pastel sont tellement apaisantes, merci !'),
(164, 'plml1536.jpg', 'Grodszilla', 'C’est un vrai plaisir !'),
(165, 'jhgv3595.jpg', 'City', 'Tellement frais !'),
(166, 'wsqa9878.jpg', 'Lancement fusée', 'Ah bon !!! C’est juste parfait !'),
(167, 'vgfg5235.jpg', 'Plage', 'C\'est un souffle de plaisir.'),
(168, 'azsw1595.jpg', 'Esprit nature', 'Ouah !!! C’est impressionnant !'),
(169, 'uyui1575.jpg', 'Abysses', 'Les teintes pastel sont tellement apaisantes, merci !'),
(170, 'dszs9525.jpg', 'Bibliothèque enfant', 'Un moment en or.'),
(171, 'fdfc7568.jpg', 'Renard feu', 'C\'est le bonheur à l\'état pur.'),
(172, 'qwxc2589.jpg', 'Chutes', 'Parfait. Une œuvre d’art à admirer tous les jours, merci !'),
(173, 'opml4253.jpg', 'Arbre village', 'Cette image fait vraiment ressortir ma créativité.'),
(174, 'rtgt5747.jpg', 'Petit pont automne', 'Chaque fois que je vois cette image, je souris.'),
(175, 'gtrd6542.jpg', 'Plantes grasses', 'Formidable ! Ce fond d’écran me fait oublier le stress, génial !'),
(176, 'zaqs7898.jpg', 'Métropole', 'J’adore ce que tu fais !'),
(177, 'kjij2363.jpg', 'Village colline', 'Les teintes sont si apaisantes, c’est parfait pour moi !'),
(178, 'olpl1242.jpg', 'Fleurs Lune', 'Vraiment ! Une telle image peut vraiment égayer ma journée !'),
(179, 'eres9525.jpg', 'Porte étanche', 'Oh my ! C’est une merveille !'),
(180, 'gtfc7412.jpg', 'Profondeurs', 'Quelle trouvaille !'),
(181, 'xcvb4124.jpg', 'F16', 'Quel exploit ! J\'adore les contrastes, c\'est juste magnifique !'),
(182, 'njuy3656.jpg', 'Ville écarlate', 'Trop bien ! Un vrai régal pour les sens.'),
(183, 'pmlo3536.jpg', 'Rivages', 'Ah mince. Cette vue est à couper le souffle, un vrai bonheur !'),
(184, 'ytfv7412.jpg', 'Course F1', 'Un vrai coup de cœur, je vais le mettre tout de suite !'),
(185, 'lpml1475.jpg', 'Quête', 'Formidable ! C\'est un pur délice.'),
(186, 'lmpo4536.jpg', 'Rue pluie', 'C’est comme un petit bout de paradis sur mon écran !'),
(187, 'vbnj3632.jpg', 'Torent', 'Tellement apaisante, je pourrais la regarder des heures !'),
(188, 'xdfr9523.jpg', 'Oranger', 'C’est une vraie source d’inspiration, j’en veux plus !'),
(189, 'wqsw4269.jpg', 'Pirate', 'Incroyable !! Les détails sont si raffinés, quel bel art !'),
(190, 'ezaq2587.jpg', 'Navires de guerre', 'Un vrai régal pour les yeux, merci de partager !'),
(191, 'qzqz4247.jpg', 'Bombardiers', 'Waaaw !! Wow, ça donne envie de partir en voyage !'),
(192, 'gytg2545.jpg', 'Chalet étang', 'Impressionnant ! Quelle trouvaille !'),
(193, 'bhjn1515.jpg', 'Donjon écarlate', 'J\'adore les contrastes, c\'est juste magnifique !'),
(194, 'ujik7848.jpg', 'Tipis', 'Ce paysage me fait rêver, j’aimerais y être maintenant !'),
(195, 'bvbv3696.jpg', 'Moto vitesse', 'C\'est dingue !!! C’est du grand art !'),
(196, 'cftf6862.jpg', 'Héros', 'Époustouflant ! Un vrai régal pour les yeux, merci de partager !'),
(197, 'deza8632.jpg', 'Débris', 'C’est impressionnant !'),
(198, 'azsw2695.jpg', 'Train paysage', 'Époustouflant ! C’est tout simplement génial !'),
(199, 'dxdc1484.jpg', 'Rivages vikings', 'C’est tout simplement génial !'),
(200, 'ujhg4856.jpg', 'Défilé pokemon', 'Parfait ! Un éclat de joie.'),
(201, 'dred4157.jpg', 'Champignon nucléaire', 'Tellement frais !'),
(202, 'cfdx3625.jpg', 'Montagnes roses', 'Ça me touche profondément !'),
(203, 'zsdx5742.jpg', 'Encore un chateau', 'C’est comme un petit bout de paradis sur mon écran !'),
(204, 'lplm9698.jpg', 'Viking', 'Chaque fois que je vois cette image, je souris.'),
(205, 'juju6362.jpg', 'Pierres précieuses', 'Je suis dans l\'euphorie.'),
(206, 'uijh8952.jpg', 'Village arc-en-ciel', 'Cette photo est tellement inspirante, j’adore !'),
(207, 'swsd8956.jpg', 'Texture magma', 'Oh là là ! Tellement frais !'),
(208, 'zere2126.jpg', 'Baelrog', 'Ouah ! Tellement magnifique, je ne me lasse pas de la regarder !'),
(209, 'gvft5212.jpg', 'Nain des bois', 'Ce fond d’écran me fait oublier le stress, génial !'),
(210, 'qsqz2123.jpg', 'Tour', 'Tellement enchanteur, ça m’apporte de la joie !'),
(211, 'klpm2121.jpg', 'Grande maison', 'Une image qui raconte une histoire, j’adore !'),
(212, 'ujuj3515.jpg', 'Violoniste', 'c\'est un véritable enchantement.'),
(213, 'dcfv8953.jpg', 'Derrière vous !', 'Ah bon ! Une joie sans pareil.'),
(214, 'ytyt9621.jpg', 'Colline', 'Ce fond d’écran me rappelle mes vacances, que de bons souvenirs !'),
(215, 'tfgf5474.jpg', 'Armoire de bocaux', 'Purée ! Les couleurs sont si vibrantes, je ne peux pas m’en passer !'),
(216, 'dxsd8514.jpg', 'Méditation', 'C\'est un pur délice.'),
(217, 'gtfc1235.jpg', 'Tornade mauve', 'C’est captivant !'),
(218, 'fgvf6323.jpg', 'Grande maison viking', 'Parfait !!! J\'adore les contrastes, c\'est juste magnifique !'),
(219, 'xses7458.jpg', 'Navette spatiale', 'C\'est fou ! C\'est un souffle de plaisir.'),
(220, 'zazq6536.jpg', 'Soleil rouge et montagnes', 'Superbe ! Un fond d’écran qui respire la sérénité, parfait pour moi !'),
(221, 'qsza3257.jpg', 'Calculs et graphiques', 'Ça me touche profondément !'),
(222, 'iuyt2123.jpg', 'Naruto', 'Les teintes pastel sont tellement apaisantes, merci !'),
(223, 'xses4758.jpg', 'Tornade', 'C’est du grand art !'),
(224, 'wsze6878.jpg', 'Ninja', 'Trop bien... C’est une vraie œuvre d’art, tellement belle !'),
(225, 'pmpl6865.jpg', 'One Piece', 'Purée ! Chaque détail compte, je suis totalement fan !'),
(226, 'uhyu3232.jpg', 'Ville mauve', 'Tellement apaisante, je pourrais la regarder des heures !'),
(227, 'opmp7898.jpg', 'Chutes d\'eau', 'Waouh ! Un fond d’écran qui donne le sourire, c’est parfait !'),
(228, 'okjh3541.jpg', 'Steampunk', 'Un fond d’écran qui illumine ma journée, quel bonheur !'),
(229, 'sqzq4236.jpg', 'Forteresse rouge', 'Oh my !!! C\'est la cerise sur le gâteau.'),
(230, 'ygbh7486.jpg', 'Godzilla', 'Formidable ! Une image qui éveille l’imagination, magnifique !'),
(231, 'bhjh5956.jpg', 'Amanites', 'Oh là là ! Une œuvre d’art à admirer tous les jours, merci !'),
(232, 'resd4154.jpg', 'Fleuve dans la ville', 'Purée !! Cette photo est tellement inspirante, j’adore !'),
(233, 'kjhn8536.jpg', 'Tourbillon', 'Bien !!! C’est comme un petit bout de paradis sur mon écran !'),
(234, 'tfdr8635.jpg', 'Navire pirate', 'Ça illumine mon téléphone, je ne m’en lasse pas !'),
(235, 'kjnh2323.jpg', 'Guerrier viking', 'On dirait M. Claus !'),
(236, 'yuiu9695.jpg', 'Grand canyon', 'Ah mince... Ça illumine mon téléphone, je ne m’en lasse pas !'),
(237, 'tgyg2352.jpg', 'Texture bois', 'Cette image a une belle énergie, ça me booste !'),
(238, 'popl7563.jpg', 'Texture sable', 'Impressionnant... Tellement magnifique, je ne me lasse pas de la regarder !'),
(239, 'olkj4124.jpg', 'Tapisserie', 'Chaque détail compte, je suis totalement fan !'),
(240, 'xwxd9521.jpg', 'Bris', 'Les détails sont incroyables, je suis impressionné !'),
(241, 'oijn1524.jpg', 'Gouttes', 'Ça me touche profondément !'),
(242, 'trdr4215.jpg', 'Serpent vert', 'C’est exactement le type de beauté que j\'aime !'),
(243, 'sdcv8487.jpg', 'Locomotive à vapeur', 'C’est juste parfait !'),
(244, 'aqsq6369.jpg', 'Texture plumes', 'Bien !!! Ce fond d’écran me rappelle mes vacances, que de bons souvenirs !');

-- --------------------------------------------------------

--
-- Structure de la table `likes`
--

CREATE TABLE `likes` (
  `id_bg` int(10) UNSIGNED NOT NULL,
  `id_user` int(10) UNSIGNED NOT NULL
) ENGINE=InnoDB DEFAULT CHARSET=utf8;

--
-- Déchargement des données de la table `likes`
--

INSERT INTO `likes` (`id_bg`, `id_user`) VALUES
(1, 1),
(2, 1),
(6, 1),
(7, 1),
(8, 1),
(9, 1),
(12, 1),
(14, 1),
(23, 1),
(24, 1),
(27, 1),
(41, 1),
(47, 1),
(59, 1),
(60, 1),
(61, 1),
(64, 1),
(67, 1),
(69, 1),
(73, 1),
(76, 1),
(79, 1),
(81, 1),
(83, 1),
(85, 1),
(87, 1),
(89, 1),
(90, 1),
(98, 1),
(99, 1),
(100, 1),
(102, 1),
(104, 1),
(106, 1),
(107, 1),
(110, 1),
(112, 1),
(117, 1),
(126, 1),
(127, 1),
(134, 1),
(136, 1),
(147, 1),
(148, 1),
(150, 1),
(152, 1),
(158, 1),
(164, 1),
(165, 1),
(169, 1),
(173, 1),
(179, 1),
(181, 1),
(183, 1),
(184, 1),
(187, 1),
(193, 1),
(197, 1),
(198, 1),
(199, 1),
(203, 1),
(204, 1),
(206, 1),
(209, 1),
(213, 1),
(216, 1),
(217, 1),
(221, 1),
(222, 1),
(224, 1),
(231, 1),
(233, 1),
(237, 1),
(238, 1),
(241, 1),
(242, 1),
(3, 2),
(4, 2),
(9, 2),
(15, 2),
(17, 2),
(19, 2),
(22, 2),
(23, 2),
(29, 2),
(30, 2),
(34, 2),
(37, 2),
(47, 2),
(63, 2),
(64, 2),
(66, 2),
(71, 2),
(76, 2),
(82, 2),
(99, 2),
(106, 2),
(110, 2),
(112, 2),
(119, 2),
(129, 2),
(144, 2),
(145, 2),
(146, 2),
(149, 2),
(155, 2),
(157, 2),
(169, 2),
(177, 2),
(183, 2),
(191, 2),
(199, 2),
(206, 2),
(213, 2),
(218, 2),
(219, 2),
(221, 2),
(223, 2),
(224, 2),
(228, 2),
(237, 2),
(239, 2),
(240, 2),
(8, 3),
(9, 3),
(11, 3),
(16, 3),
(18, 3),
(22, 3),
(23, 3),
(34, 3),
(38, 3),
(41, 3),
(47, 3),
(55, 3),
(62, 3),
(64, 3),
(73, 3),
(80, 3),
(85, 3),
(91, 3),
(104, 3),
(105, 3),
(110, 3),
(119, 3),
(125, 3),
(131, 3),
(156, 3),
(157, 3),
(164, 3),
(169, 3),
(170, 3),
(174, 3),
(183, 3),
(188, 3),
(191, 3),
(192, 3),
(199, 3),
(202, 3),
(203, 3),
(211, 3),
(217, 3),
(221, 3),
(222, 3),
(227, 3),
(231, 3),
(234, 3),
(237, 3),
(10, 4),
(15, 4),
(23, 4),
(30, 4),
(60, 4),
(63, 4),
(67, 4),
(77, 4),
(81, 4),
(99, 4),
(104, 4),
(105, 4),
(106, 4),
(126, 4),
(138, 4),
(146, 4),
(153, 4),
(154, 4),
(157, 4),
(167, 4),
(173, 4),
(176, 4),
(182, 4),
(183, 4),
(187, 4),
(191, 4),
(195, 4),
(203, 4),
(211, 4),
(213, 4),
(216, 4),
(222, 4),
(224, 4),
(227, 4),
(228, 4),
(235, 4),
(242, 4),
(5, 5),
(8, 5),
(10, 5),
(12, 5),
(16, 5),
(20, 5),
(21, 5),
(22, 5),
(27, 5),
(64, 5),
(67, 5),
(69, 5),
(77, 5),
(83, 5),
(85, 5),
(88, 5),
(91, 5),
(102, 5),
(110, 5),
(111, 5),
(112, 5),
(127, 5),
(137, 5),
(139, 5),
(145, 5),
(149, 5),
(156, 5),
(157, 5),
(161, 5),
(173, 5),
(176, 5),
(184, 5),
(198, 5),
(203, 5),
(210, 5),
(214, 5),
(216, 5),
(217, 5),
(221, 5),
(230, 5),
(234, 5),
(238, 5),
(5, 6),
(7, 6),
(8, 6),
(9, 6),
(10, 6),
(12, 6),
(18, 6),
(19, 6),
(20, 6),
(37, 6),
(52, 6),
(53, 6),
(55, 6),
(61, 6),
(63, 6),
(64, 6),
(73, 6),
(74, 6),
(77, 6),
(97, 6),
(98, 6),
(107, 6),
(112, 6),
(114, 6),
(127, 6),
(135, 6),
(138, 6),
(139, 6),
(143, 6),
(146, 6),
(164, 6),
(181, 6),
(187, 6),
(189, 6),
(192, 6),
(193, 6),
(198, 6),
(199, 6),
(200, 6),
(210, 6),
(213, 6),
(214, 6),
(216, 6),
(221, 6),
(222, 6),
(234, 6),
(242, 6),
(1, 7),
(3, 7),
(4, 7),
(8, 7),
(9, 7),
(10, 7),
(12, 7),
(16, 7),
(42, 7),
(47, 7),
(52, 7),
(55, 7),
(63, 7),
(64, 7),
(76, 7),
(85, 7),
(86, 7),
(87, 7),
(89, 7),
(104, 7),
(106, 7),
(110, 7),
(117, 7),
(126, 7),
(129, 7),
(131, 7),
(135, 7),
(136, 7),
(139, 7),
(144, 7),
(145, 7),
(149, 7),
(154, 7),
(156, 7),
(161, 7),
(164, 7),
(168, 7),
(170, 7),
(173, 7),
(183, 7),
(185, 7),
(186, 7),
(191, 7),
(192, 7),
(197, 7),
(221, 7),
(223, 7),
(231, 7),
(237, 7),
(238, 7),
(241, 7),
(242, 7),
(3, 8),
(5, 8),
(7, 8),
(9, 8),
(12, 8),
(15, 8),
(16, 8),
(17, 8),
(19, 8),
(34, 8),
(57, 8),
(62, 8),
(63, 8),
(67, 8),
(69, 8),
(79, 8),
(83, 8),
(86, 8),
(91, 8),
(96, 8),
(101, 8),
(102, 8),
(114, 8),
(122, 8),
(126, 8),
(127, 8),
(129, 8),
(136, 8),
(144, 8),
(146, 8),
(149, 8),
(154, 8),
(168, 8),
(176, 8),
(179, 8),
(183, 8),
(186, 8),
(190, 8),
(214, 8),
(215, 8),
(217, 8),
(223, 8),
(242, 8),
(9, 9),
(11, 9),
(22, 9),
(29, 9),
(47, 9),
(48, 9),
(51, 9),
(59, 9),
(62, 9),
(64, 9),
(66, 9),
(67, 9),
(68, 9),
(69, 9),
(101, 9),
(106, 9),
(113, 9),
(131, 9),
(134, 9),
(136, 9),
(138, 9),
(141, 9),
(146, 9),
(147, 9),
(149, 9),
(157, 9),
(161, 9),
(164, 9),
(173, 9),
(176, 9),
(181, 9),
(184, 9),
(191, 9),
(194, 9),
(203, 9),
(208, 9),
(209, 9),
(216, 9),
(221, 9),
(227, 9),
(237, 9),
(242, 9),
(1, 10),
(2, 10),
(9, 10),
(12, 10),
(14, 10),
(15, 10),
(16, 10),
(31, 10),
(33, 10),
(34, 10),
(37, 10),
(60, 10),
(64, 10),
(69, 10),
(71, 10),
(77, 10),
(80, 10),
(85, 10),
(98, 10),
(104, 10),
(105, 10),
(106, 10),
(109, 10),
(110, 10),
(114, 10),
(125, 10),
(127, 10),
(135, 10),
(137, 10),
(141, 10),
(150, 10),
(151, 10),
(164, 10),
(169, 10),
(170, 10),
(173, 10),
(178, 10),
(181, 10),
(183, 10),
(198, 10),
(199, 10),
(203, 10),
(204, 10),
(209, 10),
(210, 10),
(211, 10),
(230, 10),
(234, 10),
(242, 10);

-- --------------------------------------------------------

--
-- Structure de la table `users`
--

CREATE TABLE `users` (
  `id_user` int(10) UNSIGNED NOT NULL,
  `mail` varchar(128) NOT NULL,
  `password` varchar(64) NOT NULL,
  `firstname` varchar(64) NOT NULL
) ENGINE=InnoDB DEFAULT CHARSET=utf8;

--
-- Déchargement des données de la table `users`
--

INSERT INTO `users` (`id_user`, `mail`, `password`, `firstname`) VALUES
(1, 'ivan.miller@heh.be', 'e2e94642fbe7d7d19c7d7dadd65f11389615ac794b618de74e20d376f8875838', 'Ivan'),
(2, 'theo.amoroso@std.heh.be', 'e2e94642fbe7d7d19c7d7dadd65f11389615ac794b618de74e20d376f8875838', 'Théo'),
(3, 'athanais.bascour@std.heh.be', 'e2e94642fbe7d7d19c7d7dadd65f11389615ac794b618de74e20d376f8875838', 'Athanaïs'),
(4, 'valentine.bouillon@std.heh.be', 'e2e94642fbe7d7d19c7d7dadd65f11389615ac794b618de74e20d376f8875838', 'Valentine'),
(5, 'basile.coibion@std.heh.be', 'e2e94642fbe7d7d19c7d7dadd65f11389615ac794b618de74e20d376f8875838', 'Basile'),
(6, 'emilien.doumont@std.heh.be', 'e2e94642fbe7d7d19c7d7dadd65f11389615ac794b618de74e20d376f8875838', 'Emilien'),
(7, 'maxime.journel@std.heh.be', 'e2e94642fbe7d7d19c7d7dadd65f11389615ac794b618de74e20d376f8875838', 'Maxime'),
(8, 'raffaele.martello@std.heh.be', 'e2e94642fbe7d7d19c7d7dadd65f11389615ac794b618de74e20d376f8875838', 'Raffaele'),
(9, 'tom.mertens@std.heh.be', 'e2e94642fbe7d7d19c7d7dadd65f11389615ac794b618de74e20d376f8875838', 'Tom'),
(10, 'martin.scarniere@std.heh.be', 'e2e94642fbe7d7d19c7d7dadd65f11389615ac794b618de74e20d376f8875838', 'Martin');

--
-- Index pour les tables déchargées
--

--
-- Index pour la table `backgrounds`
--
ALTER TABLE `backgrounds`
  ADD PRIMARY KEY (`id_bg`);

--
-- Index pour la table `likes`
--
ALTER TABLE `likes`
  ADD PRIMARY KEY (`id_bg`,`id_user`),
  ADD KEY `fk_likes_users` (`id_user`);

--
-- Index pour la table `users`
--
ALTER TABLE `users`
  ADD PRIMARY KEY (`id_user`);

--
-- AUTO_INCREMENT pour les tables déchargées
--

--
-- AUTO_INCREMENT pour la table `backgrounds`
--
ALTER TABLE `backgrounds`
  MODIFY `id_bg` int(10) UNSIGNED NOT NULL AUTO_INCREMENT, AUTO_INCREMENT=245;

--
-- AUTO_INCREMENT pour la table `users`
--
ALTER TABLE `users`
  MODIFY `id_user` int(10) UNSIGNED NOT NULL AUTO_INCREMENT, AUTO_INCREMENT=11;

--
-- Contraintes pour les tables déchargées
--

--
-- Contraintes pour la table `likes`
--
ALTER TABLE `likes`
  ADD CONSTRAINT `fk_likes_backgrounds` FOREIGN KEY (`id_bg`) REFERENCES `backgrounds` (`id_bg`),
  ADD CONSTRAINT `fk_likes_users` FOREIGN KEY (`id_user`) REFERENCES `users` (`id_user`);
COMMIT;

/*!40101 SET CHARACTER_SET_CLIENT=@OLD_CHARACTER_SET_CLIENT */;
/*!40101 SET CHARACTER_SET_RESULTS=@OLD_CHARACTER_SET_RESULTS */;
/*!40101 SET COLLATION_CONNECTION=@OLD_COLLATION_CONNECTION */;
